"package","target_kind","file","line","col","boundary_class","source_site_head","disposition","causal_identity_bearing","sensitive_or_unstable","activation_cohort","note"
"perl-core-harness","lib_or_bin_production","crates\perl-core-harness\src\lib.rs","1048","58","classification_only","let relative = candidate.strip_prefix(&root).map_err(|_| {","exact_exception","identity-retained","no","P1","path and root both embedded in eyre message; StripPrefixError payload-free"
"perl-corpus","lib_or_bin_production","crates\perl-corpus\src\api\topology.rs","373","59","retain_class_not_details","let relative = path.strip_prefix(&paths.root).map_err(|_| {","exact_exception","structurally-retained","no","P1","PathOutsideRoot{path,root} carries full identity; StripPrefixError payload-free"
"perl-corpus","lib_or_bin_production","crates\perl-corpus\src\sidecar\context.rs","255","26","independent_error_model_defect",".map_err(|_| anyhow::anyhow!('path is outside the bound corpus root'))?","file_leaf","detail-lost-vs-sibling","no","LEAF","generic message drops path/root; topology.rs sibling keeps them"
"perl-dap","lib_or_bin_production","crates\perl-dap\src\mutation\structured_value.rs","312","18","classification_only",".map_err(|_| StructuredRefusal::InvalidSyntax { offset: 0 })?;","exact_exception","impossible-by-construction","no","P1","serde round-trip of already-parsed value; offset 0 sentinel documented"
"perl-dap","lib_or_bin_production","crates\perl-dap\src\mutation\structured_value.rs","437","38","retain_class_not_details",".map_err(|_| StructuredRefusal::InvalidSyntax { offset: self.pos })?;","exact_exception","offset-retained-byte-kind-dropped","client_bytes","P1","DAP trust boundary: offset exposed, invalid byte withheld"
"perl-dap","lib_or_bin_production","crates\perl-dap\src\mutation\structured_value.rs","597","22","retain_class_not_details",".map_err(|_| StructuredRefusal::InvalidSyntax { offset: start })?;","exact_exception","offset-retained-byte-kind-dropped","client_bytes","P1","DAP trust boundary"
"perl-lsp-rs-core","build_script","crates\perl-lsp-rs-core\build.rs","23","9","classification_only","|_| 'OUT_DIR must be set by cargo during build - this is a build-time requirement',","exact_exception","none-env-contract","no","P1","OUT_DIR absence is a cargo contract violation, no cause object"
"perl-lsp-rs-core","lib_or_bin_production","crates\perl-lsp-rs-core\src\protocol\document_version.rs","218","69","retain_class_not_details","i32::try_from(i).map(ClientDocumentVersion).map_err(|_| {","exact_exception","richer-typed-than-source","no","P1","maps value itself into Signedness+IntegerRangeClass; superset of TryFromIntError"
"perl-lsp-rs-core","lib_or_bin_production","crates\perl-lsp-rs-core\src\protocol\errors.rs","294","41","stable_protocol_mapping","u32::try_from(line_u64).map_err(|_| invalid_params('position.line exceeds u32::MAX'))?;","exact_exception","class-only-static-message","protocol_stability","P1","JsonRpcError INVALID_PARAMS carries static semantic cause; TryFromIntError payload-free"
"perl-lsp-rs-core","lib_or_bin_production","crates\perl-lsp-rs-core\src\protocol\errors.rs","300","18","stable_protocol_mapping",".map_err(|_| invalid_params('position.character exceeds u32::MAX'))?;","exact_exception","class-only-static-message","protocol_stability","P1","JsonRpcError INVALID_PARAMS carries static semantic cause; TryFromIntError payload-free"
"perl-lsp-rs-core","lib_or_bin_production","crates\perl-lsp-rs-core\src\protocol\errors.rs","314","18","stable_protocol_mapping",".map_err(|_| invalid_params('range.start.line exceeds u32::MAX'))?;","exact_exception","class-only-static-message","protocol_stability","P1","JsonRpcError INVALID_PARAMS carries static semantic cause; TryFromIntError payload-free"
"perl-lsp-rs-core","lib_or_bin_production","crates\perl-lsp-rs-core\src\protocol\errors.rs","320","18","stable_protocol_mapping",".map_err(|_| invalid_params('range.start.character exceeds u32::MAX'))?;","exact_exception","class-only-static-message","protocol_stability","P1","JsonRpcError INVALID_PARAMS carries static semantic cause; TryFromIntError payload-free"
"perl-lsp-rs-core","lib_or_bin_production","crates\perl-lsp-rs-core\src\protocol\errors.rs","326","18","stable_protocol_mapping",".map_err(|_| invalid_params('range.end.line exceeds u32::MAX'))?;","exact_exception","class-only-static-message","protocol_stability","P1","JsonRpcError INVALID_PARAMS carries static semantic cause; TryFromIntError payload-free"
"perl-lsp-rs-core","lib_or_bin_production","crates\perl-lsp-rs-core\src\protocol\errors.rs","332","18","stable_protocol_mapping",".map_err(|_| invalid_params('range.end.character exceeds u32::MAX'))?;","exact_exception","class-only-static-message","protocol_stability","P1","JsonRpcError INVALID_PARAMS carries static semantic cause; TryFromIntError payload-free"
"perl-lsp-rs-core","lib_or_bin_production","crates\perl-lsp-rs-core\src\protocol\resolve_envelope.rs","678","52","redact_deliberately","canonical_json_bytes(&subject).map_err(|_| ResolveEnvelopeIssueError::Serialization)?;","exact_exception","deliberately-unexposed","sensitive_trust_boundary","P1","authenticated envelope: serde/authenticator internals must not leak into rejections"
"perl-lsp-rs-core","lib_or_bin_production","crates\perl-lsp-rs-core\src\protocol\resolve_envelope.rs","685","22","redact_deliberately",".map_err(|_| ResolveEnvelopeIssueError::Serialization)?;","exact_exception","deliberately-unexposed","sensitive_trust_boundary","P1","authenticated envelope: serde/authenticator internals must not leak into rejections"
"perl-lsp-rs-core","lib_or_bin_production","crates\perl-lsp-rs-core\src\protocol\resolve_envelope.rs","692","22","redact_deliberately",".map_err(|_| ResolveEnvelopeIssueError::AuthenticatorFailure)?;","exact_exception","deliberately-unexposed","sensitive_trust_boundary","P1","authenticated envelope: serde/authenticator internals must not leak into rejections"
"perl-lsp-rs-core","lib_or_bin_production","crates\perl-lsp-rs-core\src\protocol\resolve_envelope.rs","699","51","redact_deliberately","canonical_json_bytes(&signed).map_err(|_| ResolveEnvelopeIssueError::Serialization)?;","exact_exception","deliberately-unexposed","sensitive_trust_boundary","P1","authenticated envelope: serde/authenticator internals must not leak into rejections"
"perl-lsp-rs-core","lib_or_bin_production","crates\perl-lsp-rs-core\src\protocol\resolve_envelope.rs","733","54","redact_deliberately","serde_json::from_slice(&decoded).map_err(|_| ResolveEnvelopeRejection::Malformed)?;","exact_exception","deliberately-unexposed","sensitive_trust_boundary","P1","authenticated envelope: serde/authenticator internals must not leak into rejections"
"perl-lsp-rs-core","lib_or_bin_production","crates\perl-lsp-rs-core\src\protocol\resolve_envelope.rs","739","48","redact_deliberately","serde_json::to_vec(&value).map_err(|_| ResolveEnvelopeRejection::Malformed)?;","exact_exception","deliberately-unexposed","sensitive_trust_boundary","P1","authenticated envelope: serde/authenticator internals must not leak into rejections"
"perl-lsp-rs-core","lib_or_bin_production","crates\perl-lsp-rs-core\src\protocol\resolve_envelope.rs","745","51","redact_deliberately","serde_json::from_value(value).map_err(|_| ResolveEnvelopeRejection::Malformed)?;","exact_exception","deliberately-unexposed","sensitive_trust_boundary","P1","authenticated envelope: serde/authenticator internals must not leak into rejections"
"perl-lsp-rs-core","lib_or_bin_production","crates\perl-lsp-rs-core\src\protocol\resolve_envelope.rs","756","22","redact_deliberately",".map_err(|_| ResolveEnvelopeRejection::Malformed)?;","exact_exception","deliberately-unexposed","sensitive_trust_boundary","P1","authenticated envelope: serde/authenticator internals must not leak into rejections"
"perl-lsp-rs-core","lib_or_bin_production","crates\perl-lsp-rs-core\src\protocol\resolve_envelope.rs","764","53","redact_deliberately","canonical_json_bytes(&unsigned).map_err(|_| ResolveEnvelopeRejection::Malformed)?;","exact_exception","deliberately-unexposed","sensitive_trust_boundary","P1","authenticated envelope: serde/authenticator internals must not leak into rejections"
"perl-lsp-rs-core","lib_or_bin_production","crates\perl-lsp-rs-core\src\protocol\resolve_envelope.rs","767","22","redact_deliberately",".map_err(|_| ResolveEnvelopeRejection::InstrumentFailure)?;","exact_exception","deliberately-unexposed","sensitive_trust_boundary","P1","authenticated envelope: serde/authenticator internals must not leak into rejections"
"perl-lsp-rs-core","lib_or_bin_production","crates\perl-lsp-rs-core\src\protocol\resolve_envelope\session_auth.rs","53","22","classification_only",".map_err(|_| ResolveAuthenticatorFailure::Internal)","exact_exception","none-race-loss","no","P1","fetch_update failure returns current value, no diagnostic payload"
"perl-lsp-rs-core","lib_or_bin_production","crates\perl-lsp-rs-core\src\providers\formatting\legacy.rs","147","50","retain_class_not_details","String::from_utf8(output.stdout).map_err(|_| FormattingError::InvalidOutputEncoding)","exact_exception","encoding-kind-only","subprocess_output","P1","perltidy stdout non-UTF8; byte offsets withheld from public FormattingError"
"perl-lsp-rs-core","lib_or_bin_production","crates\perl-lsp-rs-core\src\providers\semantic_port_adapters.rs","408","26","independent_error_model_defect",".map_err(|_| ProviderAdapterError::MalformedEnvelope(envelope.fact_id))?;","file_leaf","reason-dropped","no","LEAF","MalformedEnvelope(fact_id) loses validator invariant reason; needs reason carrier"
"perl-lsp-rs-core","lib_or_bin_production","crates\perl-lsp-rs-core\src\runtime\launcher\mod.rs","1331","52","classification_only","parse_feature_profile_arg(raw_profile).map_err(|_| LaunchParseError::InvalidFeatureProfile","exact_exception","raw-input-retained","no","P1","raw_profile echoed into LaunchParseError"
"perl-lsp-rs-core","lib_or_bin_production","crates\perl-lsp-rs-core\src\tooling\perl_critic\semantic.rs","390","26","classification_only",".map_err(|_| unresolved())","exact_exception","unresolved-marker-by-design","no","P1","honest unresolved() NOT_PROVEN marker for unclassified critic shapes"
"perl-lsp-rs","lib_or_bin_production","crates\perl-lsp-rs\src\runtime\diagnostics.rs","1362","37","stable_protocol_mapping","uri_str.parse().map_err(|_| invalid_params('Invalid URI in textDocument.uri'))?;","exact_exception","none","protocol_stability","P1","LSP invalid_params message stable; ParseError internal"
"perl-lsp-rs","lib_or_bin_production","crates\perl-lsp-rs\src\runtime\language\document_links.rs","229","63","stable_protocol_mapping","url::Url::parse(base_uri).map_err(|_| JsonRpcError {","exact_exception","identity-retained-in-data","protocol_stability","P1","baseUri echoed in data where present; url::ParseError dropped by design"
"perl-lsp-rs","lib_or_bin_production","crates\perl-lsp-rs\src\runtime\language\document_links.rs","269","63","stable_protocol_mapping","let uri_parsed = url::Url::parse(uri).map_err(|_| JsonRpcError {","exact_exception","identity-retained-in-data","protocol_stability","P1","baseUri echoed in data where present; url::ParseError dropped by design"
"perl-lsp-rs","lib_or_bin_production","crates\perl-lsp-rs\src\runtime\language\formatting_policy\mod.rs","131","22","stable_protocol_mapping",".map_err(|_| invalid_params('Invalid formatting options')),","exact_exception","static-semantic-cause","protocol_stability","P1","u32 overflow cause embedded statically; serde detail withheld"
"perl-lsp-rs","lib_or_bin_production","crates\perl-lsp-rs\src\runtime\language\formatting_policy\mod.rs","145","36","stable_protocol_mapping","u32::try_from(raw).map_err(|_| invalid_params(&format!('{label}.{name} exceeds u32::MAX'))","exact_exception","static-semantic-cause","protocol_stability","P1","u32 overflow cause embedded statically; serde detail withheld"
"perl-lsp-rs","lib_or_bin_production","crates\perl-lsp-rs\src\runtime\language\misc.rs","199","26","stable_protocol_mapping",".map_err(|_| invalid_params('Invalid selectedCompletionInfo.range'))","exact_exception","none","protocol_stability","P1","invalid_params stable message; serde field detail withheld"
"perl-lsp-rs","lib_or_bin_production","crates\perl-lsp-rs\src\runtime\scheduler.rs","531","24","classification_only","result.map_err(|_| {","exact_exception","shutdown-race-only","no","P1","send failure == worker shutdown; bookkeeping closure then Err(())"
"perl-lsp-rs","lib_or_bin_production","crates\perl-lsp-rs\src\runtime\scheduler.rs","563","24","classification_only","result.map_err(|_| ())","exact_exception","shutdown-race-only","no","P1","send failure == worker shutdown"
"perl-lsp-ux-tests","lib_or_bin_production","crates\perl-lsp-ux-tests\src\workspace.rs","26","22","classification_only",".map_err(|_| anyhow::anyhow!('Failed to produce file:// URI for workspace root'))?","exact_exception","tempdir-context-implicit","no","TS","test-support crate lib target; fresh temp dir recoverable"
"perl-lsp-ux-tests","lib_or_bin_production","crates\perl-lsp-ux-tests\src\workspace.rs","79","22","classification_only",".map_err(|_| anyhow::anyhow!('Failed to produce file:// URI for directory {:?}', path))","exact_exception","path-retained","no","TS","path echoed into anyhow message"
"perl-position-tracking","lib_or_bin_production","crates\perl-position-tracking\src\source_lines.rs","456","30","classification_only",".map_err(|_| SourceLineError::ArithmeticOverflow)?,","exact_exception","impossible-documented","no","P1","in-source comment: impossible rejection maps onto overflow variant rather than panicking"
"perl-position-tracking","lib_or_bin_production","crates\perl-position-tracking\src\source_lines.rs","475","30","classification_only",".map_err(|_| SourceLineError::ArithmeticOverflow)?,","exact_exception","impossible-documented","no","P1","same documented impossible rejection"
"perl-semantic-analyzer","lib_or_bin_production","crates\perl-semantic-analyzer\src\analysis\index.rs","126","22","classification_only",".map_err(|_| 'workspace import index lock poisoned'.to_string())?;","exact_exception","poison-class-only","no","P1","PoisonError guard retention unsound; class is whole story"
"perl-tree-sitter-compat","lib_or_bin_production","crates\perl-tree-sitter-compat\src\convert.rs","32","32","independent_error_model_defect","parser.parse().map_err(|_| TreeError::ParseFailed)?","file_leaf","location-dropped","no","LEAF","TreeError::ParseFailed lacks parser error position; compat surface gap"
"perl-uri","lib_or_bin_production","crates\perl-uri\src\fs.rs","126","18","classification_only",".map_err(|_| format!('Failed to convert path to URI: {}', abs_path.display()))","exact_exception","identity-retained","no","P1","abs_path echoed into message; source error payload-free"
"perl-workspace","lib_or_bin_production","crates\perl-workspace\src\discovery\mod.rs","254","18","classification_only",".map_err(|_| std::io::Error::other('git ls-files reader thread panicked'))??;","exact_exception","fact-of-panic-only","internal-thread","P1","JoinError payload not Send-recoverable here; class recorded in message"
"perl-workspace","lib_or_bin_production","crates\perl-workspace\src\workspace\runtime_generation\core.rs","1087","18","classification_only",".map_err(|_| exhausted)","exact_exception","none-race-loss","no","P1","sequence exhaustion typed as WorkspaceRuntimeError"
"perl-workspace","lib_or_bin_production","crates\perl-workspace\src\workspace\workspace_index.rs","2870","26","classification_only",".map_err(|_| format!('Invalid URI or file path: {}', uri))?","exact_exception","identity-retained","no","P1","uri echoed into String error"
"perl-workspace","lib_or_bin_production","crates\perl-workspace\src\workspace\workspace_index.rs","2876","30","classification_only",".map_err(|_| format!('Invalid URI or file path: {}', uri))","exact_exception","identity-retained","no","P1","uri echoed into String error"
"perl-workspace","lib_or_bin_production","crates\perl-workspace\src\workspace\workspace_index.rs","2888","26","classification_only",".map_err(|_| format!('Invalid URI or file path: {}', uri))?","exact_exception","identity-retained","no","P1","uri echoed into String error"
"perl-workspace","lib_or_bin_production","crates\perl-workspace\src\workspace\workspace_index.rs","2892","30","classification_only",".map_err(|_| format!('Invalid URI or file path: {}', uri))","exact_exception","identity-retained","no","P1","uri echoed into String error"
"xtask","integration_test","xtask\src\..\tests\support\emacs_host_runner.rs","758","18","classification_only",".map_err(|_| anyhow::anyhow!('{label} reader thread panicked'))?","exact_exception","fact-of-panic-only","internal-thread","T1","reader-thread panic class"
"xtask","integration_test","xtask\src\..\tests\support\vim_host_runner.rs","1311","18","classification_only",".map_err(|_| anyhow::anyhow!('{label} reader thread panicked'))?","exact_exception","fact-of-panic-only","internal-thread","T1","reader-thread panic class"
"xtask","lib_or_bin_production","xtask\src\tasks\ci_contract.rs","470","27","classification_only","handle.join().map_err(|_| io::Error::other(format!('{stream} reader panicked')))?","exact_exception","fact-of-panic-only","internal-thread","T1","reader-thread panic class"
"xtask","lib_or_bin_production","xtask\src\tasks\command_evidence.rs","534","18","classification_only",".map_err(|_| color_eyre::eyre::eyre!('{name} reader panicked'))?","exact_exception","fact-of-panic-only","internal-thread","T1","reader-thread panic class"
"xtask","lib_or_bin_production","xtask\src\tasks\incremental_proof.rs","392","44","classification_only","let line = u32::try_from(line).map_err(|_| eyre!('line number exceeds u32'))?;","exact_exception","static-cause","no","T1","eyre states overflow semantics; TryFromIntError payload-free"
"xtask","lib_or_bin_production","xtask\src\tasks\incremental_proof.rs","399","48","classification_only","let column = u32::try_from(column).map_err(|_| eyre!('column exceeds u32'))?;","exact_exception","static-cause","no","T1","same"
"xtask","lib_or_bin_production","xtask\src\tasks\parser_matrix.rs","337","18","classification_only",".map_err(|_| eyre!('failed to parse baseline value as integer: {baseline_text}'))","exact_exception","raw-input-retained","no","T1","baseline_text echoed"
"xtask","lib_or_bin_production","xtask\src\tasks\policy_cadence.rs","348","18","classification_only",".map_err(|_| eyre!('{field} must be a real YYYY-MM-DD date: {raw}'))","exact_exception","raw-input-retained","no","T1","field name and raw value echoed"
"perl-ast","src_cfg_test","crates\perl-ast\src\ast.rs","4414","31","classification_only","handle.join().map_err(|_| 'small-stack worker aborted (likely stack overflow)'.to_string()","exact_exception","fact-of-panic-only","internal-thread","T2","thread-join class in test context"
"perl-ast","src_cfg_test","crates\perl-ast\src\ast.rs","5134","38","classification_only","first.join().map_err(|_| 'first clone thread aborted'.to_string())?;","exact_exception","fact-of-panic-only","internal-thread","T2","thread-join class in test context"
"perl-ast","src_cfg_test","crates\perl-ast\src\ast.rs","5136","39","classification_only","second.join().map_err(|_| 'second clone thread aborted'.to_string())?;","exact_exception","fact-of-panic-only","internal-thread","T2","thread-join class in test context"
"perl-dap","src_cfg_test","crates\perl-dap\src\debug_adapter\logpoint.rs","532","22","retain_cause",".map_err(|_| 'template references $x, so a capture is expected')?;","repair_in_tests_tranche","setup-cause-currently-lost","no","T2","cfg(test)/tests setup conversion discards real cause; repair when tranche opens"
"perl-dap","src_cfg_test","crates\perl-dap\src\debug_adapter\logpoint.rs","548","22","retain_cause",".map_err(|_| 'template references $x, so a capture is expected')?;","repair_in_tests_tranche","setup-cause-currently-lost","no","T2","cfg(test)/tests setup conversion discards real cause; repair when tranche opens"
"perl-dap","src_cfg_test","crates\perl-dap\src\debug_adapter\logpoint.rs","602","22","retain_cause",".map_err(|_| 'template references $x, so a capture is expected')?;","repair_in_tests_tranche","setup-cause-currently-lost","no","T2","cfg(test)/tests setup conversion discards real cause; repair when tranche opens"
"perl-dap","src_cfg_test","crates\perl-dap\src\debug_adapter\logpoint.rs","617","22","retain_cause",".map_err(|_| 'template references $x, so a capture is expected')?;","repair_in_tests_tranche","setup-cause-currently-lost","no","T2","cfg(test)/tests setup conversion discards real cause; repair when tranche opens"
"perl-dap","src_cfg_test","crates\perl-dap\src\debug_adapter\logpoint.rs","633","22","retain_cause",".map_err(|_| 'template references $x, so a capture is expected')?;","repair_in_tests_tranche","setup-cause-currently-lost","no","T2","cfg(test)/tests setup conversion discards real cause; repair when tranche opens"
"perl-dap","src_cfg_test","crates\perl-dap\src\debug_adapter\logpoint.rs","655","22","retain_cause",".map_err(|_| 'template references scalars, so a capture is expected')?;","repair_in_tests_tranche","setup-cause-currently-lost","no","T2","cfg(test)/tests setup conversion discards real cause; repair when tranche opens"
"perl-dap","src_cfg_test","crates\perl-dap\src\debug_adapter\logpoint.rs","680","22","retain_cause",".map_err(|_| 'template references $x, so a capture is expected')?;","repair_in_tests_tranche","setup-cause-currently-lost","no","T2","cfg(test)/tests setup conversion discards real cause; repair when tranche opens"
"perl-dap","src_cfg_test","crates\perl-dap\src\debug_adapter\logpoint.rs","704","22","retain_cause",".map_err(|_| 'template references $x, so a capture is expected')?;","repair_in_tests_tranche","setup-cause-currently-lost","no","T2","cfg(test)/tests setup conversion discards real cause; repair when tranche opens"
"perl-dap","src_cfg_test","crates\perl-dap\src\debug_adapter\logpoint.rs","720","22","retain_cause",".map_err(|_| 'template references scalars, so a capture is expected')?;","repair_in_tests_tranche","setup-cause-currently-lost","no","T2","cfg(test)/tests setup conversion discards real cause; repair when tranche opens"
"perl-dap","src_cfg_test","crates\perl-dap\src\debug_adapter\logpoint.rs","736","22","retain_cause",".map_err(|_| 'template references $x, so a capture is expected')?;","repair_in_tests_tranche","setup-cause-currently-lost","no","T2","cfg(test)/tests setup conversion discards real cause; repair when tranche opens"
"perl-dap","src_cfg_test","crates\perl-dap\src\debug_adapter\logpoint.rs","746","22","retain_cause",".map_err(|_| 'template references $x, so a capture is expected')?;","repair_in_tests_tranche","setup-cause-currently-lost","no","T2","cfg(test)/tests setup conversion discards real cause; repair when tranche opens"
"perl-dap","src_cfg_test","crates\perl-dap\src\debug_adapter\logpoint.rs","764","22","retain_cause",".map_err(|_| 'template references scalars, so a capture is expected')?;","repair_in_tests_tranche","setup-cause-currently-lost","no","T2","cfg(test)/tests setup conversion discards real cause; repair when tranche opens"
"perl-dap","src_cfg_test","crates\perl-dap\src\debug_adapter\parsing.rs","438","33","classification_only","producer.join().map_err(|_| 'producer thread panicked')?;","exact_exception","fact-of-panic-only","internal-thread","T2","thread-join class in test context"
"perl-dap","src_cfg_test","crates\perl-dap\src\debug_adapter\process.rs","2408","56","classification_only","let mut guard = adapter.session.lock().map_err(|_| 'session lock poisoned'.to_string())?;","exact_exception","poison-class-only","no","T2","lock-poison class in test context"
"perl-dap","src_cfg_test","crates\perl-dap\src\debug_adapter\process.rs","2441","56","classification_only","let mut guard = adapter.session.lock().map_err(|_| 'session lock poisoned'.to_string())?;","exact_exception","poison-class-only","no","T2","lock-poison class in test context"
"perl-dap","src_cfg_test","crates\perl-dap\src\debug_adapter\process.rs","2462","56","classification_only","let mut guard = adapter.session.lock().map_err(|_| 'session lock poisoned'.to_string())?;","exact_exception","poison-class-only","no","T2","lock-poison class in test context"
"perl-dap","src_cfg_test","crates\perl-dap\src\debug_adapter\process.rs","2489","56","classification_only","let mut guard = adapter.session.lock().map_err(|_| 'session lock poisoned'.to_string())?;","exact_exception","poison-class-only","no","T2","lock-poison class in test context"
"perl-dap","src_cfg_test","crates\perl-dap\src\debug_adapter\process.rs","2529","42","classification_only","let first = first.join().map_err(|_| 'termination worker panicked'.to_string())?;","exact_exception","fact-of-panic-only","internal-thread","T2","thread-join class in test context"
"perl-dap","src_cfg_test","crates\perl-dap\src\debug_adapter\process.rs","2610","26","retain_cause",".map_err(|_| 'termination state lock poisoned'.to_string())?;","repair_in_tests_tranche","setup-cause-currently-lost","no","T2","cfg(test)/tests setup conversion discards real cause; repair when tranche opens"
"perl-dap","src_cfg_test","crates\perl-dap\src\debug_adapter\process.rs","2668","22","retain_cause",".map_err(|_| 'attached PID lock was poisoned after stale cleanup'.to_string())?;","repair_in_tests_tranche","setup-cause-currently-lost","no","T2","cfg(test)/tests setup conversion discards real cause; repair when tranche opens"
"perl-dap","src_cfg_test","crates\perl-dap\src\debug_adapter\process.rs","2685","22","retain_cause",".map_err(|_| 'attached PID lock was poisoned after current cleanup'.to_string())?;","repair_in_tests_tranche","setup-cause-currently-lost","no","T2","cfg(test)/tests setup conversion discards real cause; repair when tranche opens"
"perl-dap","src_cfg_test","crates\perl-dap\src\debug_adapter\process.rs","2707","69","classification_only","adapter.attached_pid.lock().map(|guard| *guard).map_err(|_| {","exact_exception","poison-class-only","no","T2","lock-poison class in test context"
"perl-dap","src_cfg_test","crates\perl-dap\src\debug_adapter\process.rs","3214","22","retain_cause",".map_err(|_| 'session lock poisoned'.to_string())?","repair_in_tests_tranche","setup-cause-currently-lost","no","T2","cfg(test)/tests setup conversion discards real cause; repair when tranche opens"
"perl-dap","src_cfg_test","crates\perl-dap\src\debug_adapter\process.rs","3267","22","retain_cause",".map_err(|_| 'failed to prefill the outbound queue'.to_string())?;","repair_in_tests_tranche","setup-cause-currently-lost","no","T2","cfg(test)/tests setup conversion discards real cause; repair when tranche opens"
"perl-dap","src_cfg_test","crates\perl-dap\src\debug_adapter\process.rs","3296","26","retain_cause",".map_err(|_| 'session lock poisoned'.to_string())?","repair_in_tests_tranche","setup-cause-currently-lost","no","T2","cfg(test)/tests setup conversion discards real cause; repair when tranche opens"
"perl-dap","src_cfg_test","crates\perl-dap\src\debug_adapter\sync_utils.rs","280","44","classification_only","let result = handle.join().map_err(|_| 'dispatch thread panicked'.to_string())?;","exact_exception","fact-of-panic-only","internal-thread","T2","thread-join class in test context"
"perl-dap","src_cfg_test","crates\perl-dap\src\debug_adapter\sync_utils.rs","439","35","classification_only","handle.join().map_err(|_| format!('trial {trial}: flood thread panicked'))?;","exact_exception","fact-of-panic-only","internal-thread","T2","thread-join class in test context"
"perl-dap","src_cfg_test","crates\perl-dap\src\debug_adapter\sync_utils.rs","442","40","classification_only","life_handle.join().map_err(|_| format!('trial {trial}: lifecycle thread panicked'))?;","exact_exception","fact-of-panic-only","internal-thread","T2","thread-join class in test context"
"perl-dap","src_cfg_test","crates\perl-dap\src\debug_adapter\sync_utils.rs","498","44","classification_only","let result = handle.join().map_err(|_| 'dispatch thread panicked'.to_string())?;","exact_exception","fact-of-panic-only","internal-thread","T2","thread-join class in test context"
"perl-dap","src_cfg_test","crates\perl-dap\src\debug_adapter\sync_utils.rs","559","35","classification_only","handle.join().map_err(|_| 'producer thread panicked'.to_string())?;","exact_exception","fact-of-panic-only","internal-thread","T2","thread-join class in test context"
"perl-dap","src_cfg_test","crates\perl-dap\src\debug_adapter\transport.rs","394","43","classification_only","self.bytes.lock().map_err(|_| io::Error::other('writer buffer mutex poisoned'))?;","exact_exception","poison-class-only","no","T2","lock-poison class in test context"
"perl-dap","src_cfg_test","crates\perl-dap\src\debug_adapter\transport.rs","546","22","classification_only",".map_err(|_| 'producer thread panicked'.to_string())?","exact_exception","fact-of-panic-only","internal-thread","T2","thread-join class in test context"
"perl-dap","src_cfg_test","crates\perl-dap\src\debug_adapter\transport.rs","548","33","classification_only","consumer.join().map_err(|_| 'consumer thread panicked'.to_string())?;","exact_exception","fact-of-panic-only","internal-thread","T2","thread-join class in test context"
"perl-dap","src_cfg_test","crates\perl-dap\src\debug_adapter\transport.rs","600","44","classification_only","let bytes = written.lock().map_err(|_| 'writer buffer mutex poisoned')?;","exact_exception","poison-class-only","no","T2","lock-poison class in test context"
"perl-dap","src_cfg_test","crates\perl-dap\src\reload\subject.rs","299","59","retain_cause","let subject = complete_candidate().bind().map_err(|_| 'complete candidate must bind')?;","repair_in_tests_tranche","setup-cause-currently-lost","no","T2","cfg(test)/tests setup conversion discards real cause; repair when tranche opens"
"perl-dap","src_cfg_test","crates\perl-dap\src\reload\subject.rs","346","59","retain_cause","let subject = complete_candidate().bind().map_err(|_| 'complete candidate must bind')?;","repair_in_tests_tranche","setup-cause-currently-lost","no","T2","cfg(test)/tests setup conversion discards real cause; repair when tranche opens"
"perl-dap","src_cfg_test","crates\perl-dap\src\reload\transaction.rs","558","48","retain_cause","let subject = candidate.bind().map_err(|_| 'candidate must bind')?;","repair_in_tests_tranche","setup-cause-currently-lost","no","T2","cfg(test)/tests setup conversion discards real cause; repair when tranche opens"
"perl-dap","src_cfg_test","crates\perl-dap\src\reload\transaction.rs","578","64","retain_cause","let plan = plan_reload(&subject, &observation).map_err(|_| 'earned cohort must admit')?;","repair_in_tests_tranche","setup-cause-currently-lost","no","T2","cfg(test)/tests setup conversion discards real cause; repair when tranche opens"
"perl-dap","src_cfg_test","crates\perl-dap\src\reload\transaction.rs","598","54","retain_cause","let xs_subject = xs_candidate.bind().map_err(|_| 'xs candidate must bind')?;","repair_in_tests_tranche","setup-cause-currently-lost","no","T2","cfg(test)/tests setup conversion discards real cause; repair when tranche opens"
"perl-dap","integration_test","crates\perl-dap\tests\dap_attach_e2e.rs","156","18","classification_only",".map_err(|_| std::io::Error::other('fake TCP debugger server panicked'))?","exact_exception","fact-of-panic-only","internal-thread","T2","thread-join class in test context"
"perl-dap","integration_test","crates\perl-dap\tests\dap_attach_e2e.rs","233","18","classification_only",".map_err(|_| std::io::Error::other('fake TCP debugger server panicked'))?","exact_exception","fact-of-panic-only","internal-thread","T2","thread-join class in test context"
"perl-dap","integration_test","crates\perl-dap\tests\dap_performance_tests.rs","334","35","classification_only","handle.join().map_err(|_| anyhow::anyhow!('worker thread panicked'))?;","exact_exception","fact-of-panic-only","internal-thread","T2","thread-join class in test context"
"perl-dap","integration_test","crates\perl-dap\tests\dap_protocol_compliance_tests.rs","475","18","retain_cause",".map_err(|_| 'initialized event should be emitted')?;","repair_in_tests_tranche","setup-cause-currently-lost","no","T2","cfg(test)/tests setup conversion discards real cause; repair when tranche opens"
"perl-dap","integration_test","crates\perl-dap\tests\dap_protocol_compliance_tests.rs","673","18","retain_cause",".map_err(|_| 'initialized event must be emitted')?;","repair_in_tests_tranche","setup-cause-currently-lost","no","T2","cfg(test)/tests setup conversion discards real cause; repair when tranche opens"
"perl-dap","integration_test","crates\perl-dap\tests\tcp_attach_tests.rs","285","39","classification_only","must(server_handle.join().map_err(|_| 'Server thread panicked'.to_string()));","exact_exception","fact-of-panic-only","internal-thread","T2","thread-join class in test context"
"perl-dap","integration_test","crates\perl-dap\tests\tcp_attach_tests.rs","359","39","classification_only","must(server_handle.join().map_err(|_| 'Server thread panicked'.to_string()));","exact_exception","fact-of-panic-only","internal-thread","T2","thread-join class in test context"
"perl-dap","integration_test","crates\perl-dap\tests\tcp_attach_tests.rs","397","33","classification_only","must(server1.join().map_err(|_| 'Server 1 thread panicked'.to_string()));","exact_exception","fact-of-panic-only","internal-thread","T2","thread-join class in test context"
"perl-dap","integration_test","crates\perl-dap\tests\tcp_attach_tests.rs","398","33","classification_only","must(server2.join().map_err(|_| 'Server 2 thread panicked'.to_string()));","exact_exception","fact-of-panic-only","internal-thread","T2","thread-join class in test context"
"perl-incremental-parsing","integration_test","crates\perl-incremental-parsing\tests\authority_disposition_contract.rs","116","22","retain_cause",".map_err(|_| format!('{kind} target {src_path} lives outside the package'))?","repair_in_tests_tranche","setup-cause-currently-lost","no","T2","cfg(test)/tests setup conversion discards real cause; repair when tranche opens"
"perl-lexer","integration_test","crates\perl-lexer\tests\hang_risk_regex_literal_tests.rs","585","50","classification_only","let result_guard = result_arc.lock().map_err(|_| 'Failed to acquire lock')?;","exact_exception","poison-class-only","no","T2","lock-poison class in test context"
"perl-lsp-rs-core","src_cfg_test","crates\perl-lsp-rs-core\src\config\perl_oracle_env.rs","561","22","classification_only",".map_err(|_| std::io::Error::other('perl oracle env test mutex poisoned').into())","exact_exception","poison-class-only","no","T2","lock-poison class in test context"
"perl-lsp-rs-core","src_cfg_test","crates\perl-lsp-rs-core\src\providers\formatting\legacy.rs","171","39","classification_only","*self.args.lock().map_err(|_| SubprocessError::new('args mutex poisoned'))? =","exact_exception","poison-class-only","no","T2","lock-poison class in test context"
"perl-lsp-rs-core","src_cfg_test","crates\perl-lsp-rs-core\src\providers\formatting\legacy.rs","199","40","classification_only","let args = args.lock().map_err(|_| anyhow::anyhow!('args mutex poisoned'))?;","exact_exception","poison-class-only","no","T2","lock-poison class in test context"
"perl-lsp-rs-core","src_cfg_test","crates\perl-lsp-rs-core\src\providers\semantic_tokens\semantic_tokens.rs","1954","18","retain_cause",".map_err(|_| 'unexpected JSON traversal stop')?;","repair_in_tests_tranche","setup-cause-currently-lost","no","T2","cfg(test)/tests setup conversion discards real cause; repair when tranche opens"
"perl-lsp-rs-core","src_cfg_test","crates\perl-lsp-rs-core\src\providers\semantic_tokens\semantic_tokens.rs","1966","18","retain_cause",".map_err(|_| 'unexpected malformed JSON traversal stop')?;","repair_in_tests_tranche","setup-cause-currently-lost","no","T2","cfg(test)/tests setup conversion discards real cause; repair when tranche opens"
"perl-lsp-rs-core","src_cfg_test","crates\perl-lsp-rs-core\src\providers\semantic_tokens\semantic_tokens.rs","1990","18","retain_cause",".map_err(|_| 'unexpected escaped-quote bomb traversal stop')?;","repair_in_tests_tranche","setup-cause-currently-lost","no","T2","cfg(test)/tests setup conversion discards real cause; repair when tranche opens"
"perl-lsp-rs-core","src_cfg_test","crates\perl-lsp-rs-core\src\providers\semantic_tokens\semantic_tokens.rs","2009","18","retain_cause",".map_err(|_| 'unexpected SQL traversal stop')?;","repair_in_tests_tranche","setup-cause-currently-lost","no","T2","cfg(test)/tests setup conversion discards real cause; repair when tranche opens"
"perl-lsp-rs-core","src_cfg_test","crates\perl-lsp-rs-core\src\providers\semantic_tokens\semantic_tokens.rs","2267","22","retain_cause",".map_err(|_| 'unexpected finalization stop')?;","repair_in_tests_tranche","setup-cause-currently-lost","no","T2","cfg(test)/tests setup conversion discards real cause; repair when tranche opens"
"perl-lsp-rs-core","integration_test","crates\perl-lsp-rs-core\tests\g3_publish_baseline_enforcement.rs","71","40","retain_cause","content.trim().parse().map_err(|_| 'baseline count should be parseable as an integer')?;","repair_in_tests_tranche","setup-cause-currently-lost","no","T2","cfg(test)/tests setup conversion discards real cause; repair when tranche opens"
"perl-lsp-rs-core","integration_test","crates\perl-lsp-rs-core\tests\g3_published_count.rs","74","40","retain_cause","content.trim().parse().map_err(|_| 'failed to parse baseline count as an integer')?;","repair_in_tests_tranche","setup-cause-currently-lost","no","T2","cfg(test)/tests setup conversion discards real cause; repair when tranche opens"
"perl-lsp-rs-core","integration_test","crates\perl-lsp-rs-core\tests\runtime_cancellation_comprehensive.rs","534","26","classification_only","h.join().map_err(|_| 'thread panicked')?;","exact_exception","fact-of-panic-only","internal-thread","T2","thread-join class in test context"
"perl-lsp-rs-core","integration_test","crates\perl-lsp-rs-core\tests\runtime_cancellation_comprehensive.rs","549","26","classification_only","h.join().map_err(|_| 'thread panicked')?;","exact_exception","fact-of-panic-only","internal-thread","T2","thread-join class in test context"
"perl-lsp-rs-core","integration_test","crates\perl-lsp-rs-core\tests\runtime_cancellation_comprehensive.rs","567","27","classification_only","handle.join().map_err(|_| 'thread panicked')?;","exact_exception","fact-of-panic-only","internal-thread","T2","thread-join class in test context"
"perl-lsp-rs-core","integration_test","crates\perl-lsp-rs-core\tests\runtime_cancellation_comprehensive.rs","609","26","classification_only","h.join().map_err(|_| 'thread panicked')?;","exact_exception","fact-of-panic-only","internal-thread","T2","thread-join class in test context"
"perl-lsp-rs-core","integration_test","crates\perl-lsp-rs-core\tests\runtime_limits_memory.rs","345","26","classification_only","h.join().map_err(|_| 'thread panicked')?;","exact_exception","fact-of-panic-only","internal-thread","T2","thread-join class in test context"
"perl-lsp-rs","src_cfg_test","crates\perl-lsp-rs\src\runtime\client_requests\registry.rs","927","31","classification_only","handle.join().map_err(|_| io::Error::other('registry race thread panicked').into())","exact_exception","fact-of-panic-only","internal-thread","T2","thread-join class in test context"
"perl-lsp-rs","src_cfg_test","crates\perl-lsp-rs\src\runtime\diagnostics.rs","4212","67","retain_cause","let doc_uri = url::Url::from_file_path(&script_b).map_err(|_| 'bad uri')?.to_string();","repair_in_tests_tranche","setup-cause-currently-lost","no","T2","cfg(test)/tests setup conversion discards real cause; repair when tranche opens"
"perl-lsp-rs","src_cfg_test","crates\perl-lsp-rs\src\runtime\diagnostics.rs","4221","70","retain_cause","url::Url::from_directory_path(&folder_a).map_err(|_| 'bad uri_a')?.to_string(),","repair_in_tests_tranche","setup-cause-currently-lost","no","T2","cfg(test)/tests setup conversion discards real cause; repair when tranche opens"
"perl-lsp-rs","src_cfg_test","crates\perl-lsp-rs\src\runtime\diagnostics.rs","4227","70","retain_cause","url::Url::from_directory_path(&folder_b).map_err(|_| 'bad uri_b')?.to_string(),","repair_in_tests_tranche","setup-cause-currently-lost","no","T2","cfg(test)/tests setup conversion discards real cause; repair when tranche opens"
"perl-lsp-rs","src_cfg_test","crates\perl-lsp-rs\src\runtime\diagnostics.rs","4257","65","retain_cause","let doc_uri = url::Url::from_file_path(&script).map_err(|_| 'bad uri')?.to_string();","repair_in_tests_tranche","setup-cause-currently-lost","no","T2","cfg(test)/tests setup conversion discards real cause; repair when tranche opens"
"perl-lsp-rs","src_cfg_test","crates\perl-lsp-rs\src\runtime\diagnostics.rs","4266","34","retain_cause",".map_err(|_| 'bad folder uri')?","repair_in_tests_tranche","setup-cause-currently-lost","no","T2","cfg(test)/tests setup conversion discards real cause; repair when tranche opens"
"perl-lsp-rs","src_cfg_test","crates\perl-lsp-rs\src\runtime\diagnostics.rs","4516","22","classification_only",".map_err(|_| std::io::Error::other('syntax-only diagnostic worker panicked'))??","exact_exception","fact-of-panic-only","internal-thread","T2","thread-join class in test context"
"perl-lsp-rs","src_cfg_test","crates\perl-lsp-rs\src\runtime\diagnostics.rs","4565","22","classification_only",".map_err(|_| std::io::Error::other('diagnostic worker panicked'))??","exact_exception","fact-of-panic-only","internal-thread","T2","thread-join class in test context"
"perl-lsp-rs","integration_test","crates\perl-lsp-rs\src\runtime\dispatch\tests\ripr_seam_proof_incoming_request_owner.rs","10","27","classification_only","handle.join().map_err(|_| io::Error::other('request lifecycle race thread panicked').into(","exact_exception","fact-of-panic-only","internal-thread","T2","thread-join class in test context"
"perl-lsp-rs","src_cfg_test","crates\perl-lsp-rs\src\runtime\dispatch\workspace\file_preflight.rs","377","62","retain_cause","let old_uri = Url::from_file_path(&old_path).map_err(|_| 'invalid old path')?.to_string();","repair_in_tests_tranche","setup-cause-currently-lost","no","T2","cfg(test)/tests setup conversion discards real cause; repair when tranche opens"
"perl-lsp-rs","src_cfg_test","crates\perl-lsp-rs\src\runtime\dispatch\workspace\file_preflight.rs","378","62","retain_cause","let new_uri = Url::from_file_path(&new_path).map_err(|_| 'invalid new path')?.to_string();","repair_in_tests_tranche","setup-cause-currently-lost","no","T2","cfg(test)/tests setup conversion discards real cause; repair when tranche opens"
"perl-lsp-rs","src_cfg_test","crates\perl-lsp-rs\src\runtime\dispatch\workspace\file_preflight.rs","536","22","retain_cause",".map_err(|_| 'invalid create path')?","repair_in_tests_tranche","setup-cause-currently-lost","no","T2","cfg(test)/tests setup conversion discards real cause; repair when tranche opens"
"perl-lsp-rs","src_cfg_test","crates\perl-lsp-rs\src\runtime\language\completion.rs","2694","21","retain_cause","|_| 'timed out waiting for completion analysis to start'.to_string(),","repair_in_tests_tranche","setup-cause-currently-lost","no","T2","cfg(test)/tests setup conversion discards real cause; repair when tranche opens"
"perl-lsp-rs","src_cfg_test","crates\perl-lsp-rs\src\runtime\language\completion.rs","2715","22","classification_only",".map_err(|_| 'canceller thread panicked')?","exact_exception","fact-of-panic-only","internal-thread","T2","thread-join class in test context"
"perl-lsp-rs","src_cfg_test","crates\perl-lsp-rs\src\runtime\language\completion.rs","2792","21","retain_cause","|_| 'timed out waiting for completion analysis to start'.to_string(),","repair_in_tests_tranche","setup-cause-currently-lost","no","T2","cfg(test)/tests setup conversion discards real cause; repair when tranche opens"
"perl-lsp-rs","src_cfg_test","crates\perl-lsp-rs\src\runtime\language\completion.rs","2797","30","retain_cause",".map_err(|_| 'handler thread dropped the comment-guard gate receiver')?;","repair_in_tests_tranche","setup-cause-currently-lost","no","T2","cfg(test)/tests setup conversion discards real cause; repair when tranche opens"
"perl-lsp-rs","src_cfg_test","crates\perl-lsp-rs\src\runtime\language\completion.rs","2815","22","classification_only",".map_err(|_| 'canceller thread panicked')?","exact_exception","fact-of-panic-only","internal-thread","T2","thread-join class in test context"
"perl-lsp-rs","src_cfg_test","crates\perl-lsp-rs\src\runtime\language\completion.rs","3587","54","retain_cause","Url::from_file_path(temp.path()).map_err(|_| 'bad workspace path')?.to_string();","repair_in_tests_tranche","setup-cause-currently-lost","no","T2","cfg(test)/tests setup conversion discards real cause; repair when tranche opens"
"perl-lsp-rs","src_cfg_test","crates\perl-lsp-rs\src\runtime\language\completion.rs","3589","69","retain_cause","Url::from_file_path(temp.path().join('app.pl')).map_err(|_| 'bad doc uri')?.to_string();","repair_in_tests_tranche","setup-cause-currently-lost","no","T2","cfg(test)/tests setup conversion discards real cause; repair when tranche opens"
"perl-lsp-rs","src_cfg_test","crates\perl-lsp-rs\src\runtime\language\completion.rs","3717","53","retain_cause","Url::from_file_path(&workspace).map_err(|_| 'bad workspace uri')?.to_string();","repair_in_tests_tranche","setup-cause-currently-lost","no","T2","cfg(test)/tests setup conversion discards real cause; repair when tranche opens"
"perl-lsp-rs","src_cfg_test","crates\perl-lsp-rs\src\runtime\language\completion.rs","3718","65","retain_cause","let doc_uri = Url::from_file_path(&outside_doc).map_err(|_| 'bad doc uri')?.to_string();","repair_in_tests_tranche","setup-cause-currently-lost","no","T2","cfg(test)/tests setup conversion discards real cause; repair when tranche opens"
"perl-lsp-rs","src_cfg_test","crates\perl-lsp-rs\src\runtime\language\completion.rs","3770","53","retain_cause","Url::from_file_path(&workspace).map_err(|_| 'bad workspace uri')?.to_string();","repair_in_tests_tranche","setup-cause-currently-lost","no","T2","cfg(test)/tests setup conversion discards real cause; repair when tranche opens"
"perl-lsp-rs","src_cfg_test","crates\perl-lsp-rs\src\runtime\language\completion.rs","3771","62","retain_cause","let doc_uri = Url::from_file_path(&doc_path).map_err(|_| 'bad doc uri')?.to_string();","repair_in_tests_tranche","setup-cause-currently-lost","no","T2","cfg(test)/tests setup conversion discards real cause; repair when tranche opens"
"perl-lsp-rs","src_cfg_test","crates\perl-lsp-rs\src\runtime\language\completion.rs","3843","53","retain_cause","Url::from_file_path(&workspace).map_err(|_| 'bad workspace uri')?.to_string();","repair_in_tests_tranche","setup-cause-currently-lost","no","T2","cfg(test)/tests setup conversion discards real cause; repair when tranche opens"
"perl-lsp-rs","src_cfg_test","crates\perl-lsp-rs\src\runtime\language\completion.rs","3844","62","retain_cause","let doc_uri = Url::from_file_path(&doc_path).map_err(|_| 'bad doc uri')?.to_string();","repair_in_tests_tranche","setup-cause-currently-lost","no","T2","cfg(test)/tests setup conversion discards real cause; repair when tranche opens"
"perl-lsp-rs","src_cfg_test","crates\perl-lsp-rs\src\runtime\language\completion.rs","3896","53","retain_cause","Url::from_file_path(&workspace).map_err(|_| 'bad workspace uri')?.to_string();","repair_in_tests_tranche","setup-cause-currently-lost","no","T2","cfg(test)/tests setup conversion discards real cause; repair when tranche opens"
"perl-lsp-rs","src_cfg_test","crates\perl-lsp-rs\src\runtime\language\completion.rs","3897","62","retain_cause","let doc_uri = Url::from_file_path(&doc_path).map_err(|_| 'bad doc uri')?.to_string();","repair_in_tests_tranche","setup-cause-currently-lost","no","T2","cfg(test)/tests setup conversion discards real cause; repair when tranche opens"
"perl-lsp-rs","src_cfg_test","crates\perl-lsp-rs\src\runtime\language\completion.rs","3938","53","retain_cause","Url::from_file_path(&workspace).map_err(|_| 'bad workspace uri')?.to_string();","repair_in_tests_tranche","setup-cause-currently-lost","no","T2","cfg(test)/tests setup conversion discards real cause; repair when tranche opens"
"perl-lsp-rs","src_cfg_test","crates\perl-lsp-rs\src\runtime\language\completion.rs","3939","62","retain_cause","let doc_uri = Url::from_file_path(&doc_path).map_err(|_| 'bad doc uri')?.to_string();","repair_in_tests_tranche","setup-cause-currently-lost","no","T2","cfg(test)/tests setup conversion discards real cause; repair when tranche opens"
"perl-lsp-rs","src_cfg_test","crates\perl-lsp-rs\src\runtime\language\hover\hover_tests.rs","64","56","retain_cause","url::Url::from_file_path(&active_path).map_err(|_| 'invalid active file path')?;","repair_in_tests_tranche","setup-cause-currently-lost","no","T2","cfg(test)/tests setup conversion discards real cause; repair when tranche opens"
"perl-lsp-rs","src_cfg_test","crates\perl-lsp-rs\src\runtime\language\hover\hover_tests.rs","258","54","classification_only","url::Url::from_directory_path(&root).map_err(|_| 'failed to create workspace URI')?;","exact_exception","poison-class-only","no","T2","lock-poison class in test context"
"perl-lsp-rs","src_cfg_test","crates\perl-lsp-rs\src\runtime\language\hover\hover_tests.rs","271","18","retain_cause",".map_err(|_| 'failed to create script URI')?;","repair_in_tests_tranche","setup-cause-currently-lost","no","T2","cfg(test)/tests setup conversion discards real cause; repair when tranche opens"
"perl-lsp-rs","src_cfg_test","crates\perl-lsp-rs\src\runtime\language\hover\hover_tests.rs","298","57","retain_cause","let uri = url::Url::from_file_path(&script).map_err(|_| 'failed to create script URI')?;","repair_in_tests_tranche","setup-cause-currently-lost","no","T2","cfg(test)/tests setup conversion discards real cause; repair when tranche opens"
"perl-lsp-rs","src_cfg_test","crates\perl-lsp-rs\src\runtime\language\rename.rs","2178","31","classification_only","handle.join().map_err(|_| std::io::Error::other('index-ready worker panicked'))?;","exact_exception","fact-of-panic-only","internal-thread","T2","thread-join class in test context"
"perl-lsp-rs","src_cfg_test","crates\perl-lsp-rs\src\runtime\language\virtual_content.rs","513","58","classification_only","url::Url::from_directory_path(&root).map_err(|_| 'failed to create workspace URI')?;","exact_exception","poison-class-only","no","T2","lock-poison class in test context"
"perl-lsp-rs","src_cfg_test","crates\perl-lsp-rs\src\runtime\language\virtual_content.rs","545","58","classification_only","url::Url::from_directory_path(&root).map_err(|_| 'failed to create workspace URI')?;","exact_exception","poison-class-only","no","T2","lock-poison class in test context"
"perl-lsp-rs","src_cfg_test","crates\perl-lsp-rs\src\runtime\language\virtual_content.rs","576","58","classification_only","url::Url::from_directory_path(&root).map_err(|_| 'failed to create workspace URI')?;","exact_exception","poison-class-only","no","T2","lock-poison class in test context"
"perl-lsp-rs","src_cfg_test","crates\perl-lsp-rs\src\runtime\language\virtual_content.rs","608","58","classification_only","url::Url::from_directory_path(&root).map_err(|_| 'failed to create workspace URI')?;","exact_exception","poison-class-only","no","T2","lock-poison class in test context"
"perl-lsp-rs","src_cfg_test","crates\perl-lsp-rs\src\runtime\lifecycle\capabilities.rs","1013","60","retain_cause","url::Url::from_directory_path(&folder).map_err(|_| 'invalid folder path')?.to_string();","repair_in_tests_tranche","setup-cause-currently-lost","no","T2","cfg(test)/tests setup conversion discards real cause; repair when tranche opens"
"perl-lsp-rs","src_cfg_test","crates\perl-lsp-rs\src\runtime\lifecycle\capabilities.rs","1063","60","retain_cause","url::Url::from_directory_path(&folder).map_err(|_| 'invalid folder path')?.to_string();","repair_in_tests_tranche","setup-cause-currently-lost","no","T2","cfg(test)/tests setup conversion discards real cause; repair when tranche opens"
"perl-lsp-rs","src_cfg_test","crates\perl-lsp-rs\src\runtime\lifecycle\module_resolution.rs","953","58","classification_only","url::Url::from_file_path(&workspace).map_err(|_| 'failed to create workspace URI')?;","exact_exception","poison-class-only","no","T2","lock-poison class in test context"
"perl-lsp-rs","src_cfg_test","crates\perl-lsp-rs\src\runtime\lifecycle\module_resolution.rs","1125","58","classification_only","url::Url::from_file_path(&workspace).map_err(|_| 'failed to create workspace URI')?;","exact_exception","poison-class-only","no","T2","lock-poison class in test context"
"perl-lsp-rs","src_cfg_test","crates\perl-lsp-rs\src\runtime\lifecycle\module_resolution.rs","1154","64","retain_cause","let repo_uri = url::Url::from_file_path(&repo).map_err(|_| 'failed repo URI')?;","repair_in_tests_tranche","setup-cause-currently-lost","no","T2","cfg(test)/tests setup conversion discards real cause; repair when tranche opens"
"perl-lsp-rs","src_cfg_test","crates\perl-lsp-rs\src\runtime\lifecycle\module_resolution.rs","1155","62","retain_cause","let app_uri = url::Url::from_file_path(&app).map_err(|_| 'failed app URI')?;","repair_in_tests_tranche","setup-cause-currently-lost","no","T2","cfg(test)/tests setup conversion discards real cause; repair when tranche opens"
"perl-lsp-rs","src_cfg_test","crates\perl-lsp-rs\src\runtime\lifecycle\module_resolution.rs","1156","65","retain_cause","let doc_uri = url::Url::from_file_path(&script).map_err(|_| 'failed doc URI')?;","repair_in_tests_tranche","setup-cause-currently-lost","no","T2","cfg(test)/tests setup conversion discards real cause; repair when tranche opens"
"perl-lsp-rs","src_cfg_test","crates\perl-lsp-rs\src\runtime\lifecycle\module_resolution.rs","1173","64","retain_cause","let repo_uri = url::Url::from_file_path(&repo).map_err(|_| 'failed repo URI')?;","repair_in_tests_tranche","setup-cause-currently-lost","no","T2","cfg(test)/tests setup conversion discards real cause; repair when tranche opens"
"perl-lsp-rs","src_cfg_test","crates\perl-lsp-rs\src\runtime\lifecycle\module_resolution.rs","1174","62","retain_cause","let app_uri = url::Url::from_file_path(&app).map_err(|_| 'failed app URI')?;","repair_in_tests_tranche","setup-cause-currently-lost","no","T2","cfg(test)/tests setup conversion discards real cause; repair when tranche opens"
"perl-lsp-rs","src_cfg_test","crates\perl-lsp-rs\src\runtime\lifecycle\module_resolution.rs","1200","58","classification_only","url::Url::from_file_path(&workspace).map_err(|_| 'failed to create workspace URI')?;","exact_exception","poison-class-only","no","T2","lock-poison class in test context"
"perl-lsp-rs","src_cfg_test","crates\perl-lsp-rs\src\runtime\lifecycle\module_resolution.rs","1232","58","classification_only","url::Url::from_file_path(&workspace).map_err(|_| 'failed to create workspace URI')?;","exact_exception","poison-class-only","no","T2","lock-poison class in test context"
"perl-lsp-rs","src_cfg_test","crates\perl-lsp-rs\src\runtime\lifecycle\module_resolution.rs","1308","22","retain_cause",".map_err(|_| 'failed to create document URI')?","repair_in_tests_tranche","setup-cause-currently-lost","no","T2","cfg(test)/tests setup conversion discards real cause; repair when tranche opens"
"perl-lsp-rs","src_cfg_test","crates\perl-lsp-rs\src\runtime\lifecycle\module_resolution.rs","1396","22","retain_cause",".map_err(|_| 'failed to create document URI')?","repair_in_tests_tranche","setup-cause-currently-lost","no","T2","cfg(test)/tests setup conversion discards real cause; repair when tranche opens"
"perl-lsp-rs","src_cfg_test","crates\perl-lsp-rs\src\runtime\lifecycle\module_resolution.rs","1787","22","retain_cause",".map_err(|_| 'failed to create script_a uri')?","repair_in_tests_tranche","setup-cause-currently-lost","no","T2","cfg(test)/tests setup conversion discards real cause; repair when tranche opens"
"perl-lsp-rs","src_cfg_test","crates\perl-lsp-rs\src\runtime\lifecycle\module_resolution.rs","1790","22","retain_cause",".map_err(|_| 'failed to create script_b uri')?","repair_in_tests_tranche","setup-cause-currently-lost","no","T2","cfg(test)/tests setup conversion discards real cause; repair when tranche opens"
"perl-lsp-rs","src_cfg_test","crates\perl-lsp-rs\src\runtime\lifecycle\module_resolution.rs","1804","34","retain_cause",".map_err(|_| 'failed to create folder_a uri')?","repair_in_tests_tranche","setup-cause-currently-lost","no","T2","cfg(test)/tests setup conversion discards real cause; repair when tranche opens"
"perl-lsp-rs","src_cfg_test","crates\perl-lsp-rs\src\runtime\lifecycle\module_resolution.rs","1813","34","retain_cause",".map_err(|_| 'failed to create folder_b uri')?","repair_in_tests_tranche","setup-cause-currently-lost","no","T2","cfg(test)/tests setup conversion discards real cause; repair when tranche opens"
"perl-lsp-rs","src_cfg_test","crates\perl-lsp-rs\src\runtime\lifecycle\module_resolution.rs","1923","22","retain_cause",".map_err(|_| 'failed to create doc URI')?","repair_in_tests_tranche","setup-cause-currently-lost","no","T2","cfg(test)/tests setup conversion discards real cause; repair when tranche opens"
"perl-lsp-rs","src_cfg_test","crates\perl-lsp-rs\src\runtime\lifecycle\module_resolution.rs","1963","22","retain_cause",".map_err(|_| 'failed to create doc URI')?","repair_in_tests_tranche","setup-cause-currently-lost","no","T2","cfg(test)/tests setup conversion discards real cause; repair when tranche opens"
"perl-lsp-rs","src_cfg_test","crates\perl-lsp-rs\src\runtime\lifecycle\module_resolution.rs","2189","22","retain_cause",".map_err(|_| 'failed to create doc uri')?","repair_in_tests_tranche","setup-cause-currently-lost","no","T2","cfg(test)/tests setup conversion discards real cause; repair when tranche opens"
"perl-lsp-rs","src_cfg_test","crates\perl-lsp-rs\src\runtime\mod.rs","1635","26","retain_cause",".map_err(|_| std::io::Error::other('AI test env lock poisoned'))?;","repair_in_tests_tranche","setup-cause-currently-lost","no","T2","cfg(test)/tests setup conversion discards real cause; repair when tranche opens"
"perl-lsp-rs","src_cfg_test","crates\perl-lsp-rs\src\runtime\mod.rs","2242","64","classification_only","url::Url::from_directory_path(temp.path()).map_err(|_| 'bad folder uri')?.to_string();","exact_exception","poison-class-only","no","T2","lock-poison class in test context"
"perl-lsp-rs","src_cfg_test","crates\perl-lsp-rs\src\runtime\mod.rs","2410","22","retain_cause",".map_err(|_| 'bad uri')?","repair_in_tests_tranche","setup-cause-currently-lost","no","T2","cfg(test)/tests setup conversion discards real cause; repair when tranche opens"
"perl-lsp-rs","src_cfg_test","crates\perl-lsp-rs\src\runtime\mod.rs","2415","63","classification_only","url::Url::from_directory_path(&workspace).map_err(|_| 'bad folder uri')?.to_string();","exact_exception","poison-class-only","no","T2","lock-poison class in test context"
"perl-lsp-rs","src_cfg_test","crates\perl-lsp-rs\src\runtime\mod.rs","2450","22","retain_cause",".map_err(|_| 'bad uri')?","repair_in_tests_tranche","setup-cause-currently-lost","no","T2","cfg(test)/tests setup conversion discards real cause; repair when tranche opens"
"perl-lsp-rs","src_cfg_test","crates\perl-lsp-rs\src\runtime\mod.rs","2464","70","retain_cause","url::Url::from_directory_path(&folder_a).map_err(|_| 'bad uri')?.to_string(),","repair_in_tests_tranche","setup-cause-currently-lost","no","T2","cfg(test)/tests setup conversion discards real cause; repair when tranche opens"
"perl-lsp-rs","src_cfg_test","crates\perl-lsp-rs\src\runtime\mod.rs","2471","70","retain_cause","url::Url::from_directory_path(&folder_b).map_err(|_| 'bad uri')?.to_string(),","repair_in_tests_tranche","setup-cause-currently-lost","no","T2","cfg(test)/tests setup conversion discards real cause; repair when tranche opens"
"perl-lsp-rs","src_cfg_test","crates\perl-lsp-rs\src\runtime\mod.rs","2503","22","retain_cause",".map_err(|_| 'bad uri')?","repair_in_tests_tranche","setup-cause-currently-lost","no","T2","cfg(test)/tests setup conversion discards real cause; repair when tranche opens"
"perl-lsp-rs","src_cfg_test","crates\perl-lsp-rs\src\runtime\mod.rs","2508","63","classification_only","url::Url::from_directory_path(&workspace).map_err(|_| 'bad folder uri')?.to_string();","exact_exception","poison-class-only","no","T2","lock-poison class in test context"
"perl-lsp-rs","src_cfg_test","crates\perl-lsp-rs\src\runtime\outbound.rs","441","31","classification_only","handle.join().map_err(|_| 'writer thread panicked')?;","exact_exception","fact-of-panic-only","internal-thread","T2","thread-join class in test context"
"perl-lsp-rs","src_cfg_test","crates\perl-lsp-rs\src\runtime\outbound.rs","470","31","classification_only","handle.join().map_err(|_| 'writer thread panicked')?;","exact_exception","fact-of-panic-only","internal-thread","T2","thread-join class in test context"
"perl-lsp-rs","src_cfg_test","crates\perl-lsp-rs\src\runtime\readiness.rs","770","32","classification_only","if gate.lock().map_err(|_| anyhow::anyhow!('gate lock poisoned'))?.is_some() {","exact_exception","poison-class-only","no","T2","lock-poison class in test context"
"perl-lsp-rs","src_cfg_test","crates\perl-lsp-rs\src\runtime\readiness.rs","829","31","classification_only","worker.join().map_err(|_| anyhow::anyhow!('readiness transition thread panicked'))?;","exact_exception","fact-of-panic-only","internal-thread","T2","thread-join class in test context"
"perl-lsp-rs","src_cfg_test","crates\perl-lsp-rs\src\runtime\readiness.rs","971","31","classification_only","worker.join().map_err(|_| anyhow::anyhow!('readiness observer thread panicked'))??;","exact_exception","fact-of-panic-only","internal-thread","T2","thread-join class in test context"
"perl-lsp-rs","src_cfg_test","crates\perl-lsp-rs\src\runtime\session_warning_dedup_tests.rs","266","33","retain_cause","a_is_sending.recv().map_err(|_| 'caller A never entered its send')?;","repair_in_tests_tranche","setup-cause-currently-lost","no","T2","cfg(test)/tests setup conversion discards real cause; repair when tranche opens"
"perl-lsp-rs","src_cfg_test","crates\perl-lsp-rs\src\runtime\session_warning_dedup_tests.rs","288","32","classification_only","release_a.send(()).map_err(|_| 'caller A exited before release')?;","exact_exception","fact-of-panic-only","internal-thread","T2","thread-join class in test context"
"perl-lsp-rs","src_cfg_test","crates\perl-lsp-rs\src\runtime\session_warning_dedup_tests.rs","289","46","classification_only","let decision_a = caller_a.join().map_err(|_| 'caller A panicked')?;","exact_exception","fact-of-panic-only","internal-thread","T2","thread-join class in test context"
"perl-lsp-rs","src_cfg_test","crates\perl-lsp-rs\src\runtime\session_warning_dedup_tests.rs","290","29","classification_only","caller_b.join().map_err(|_| 'caller B panicked')?;","exact_exception","fact-of-panic-only","internal-thread","T2","thread-join class in test context"
"perl-lsp-rs","src_cfg_test","crates\perl-lsp-rs\src\runtime\session_warning_dedup_tests.rs","293","18","retain_cause",".map_err(|_| 'caller B never answered after the send resolved')?;","repair_in_tests_tranche","setup-cause-currently-lost","no","T2","cfg(test)/tests setup conversion discards real cause; repair when tranche opens"
"perl-lsp-rs","src_cfg_test","crates\perl-lsp-rs\src\runtime\test_api.rs","1359","31","classification_only","worker.join().map_err(|_| anyhow::anyhow!('readiness observer thread panicked'))??;","exact_exception","fact-of-panic-only","internal-thread","T2","thread-join class in test context"
"perl-lsp-rs","src_cfg_test","crates\perl-lsp-rs\src\runtime\text_sync\tests.rs","841","59","retain_cause","let uri = url::Url::from_file_path(&path).map_err(|_| 'invalid file path')?;","repair_in_tests_tranche","setup-cause-currently-lost","no","T2","cfg(test)/tests setup conversion discards real cause; repair when tranche opens"
"perl-lsp-rs","src_cfg_test","crates\perl-lsp-rs\src\runtime\text_sync\tests.rs","1239","55","retain_cause","let url = url::Url::from_file_path(&path).map_err(|_| 'invalid file path')?;","repair_in_tests_tranche","setup-cause-currently-lost","no","T2","cfg(test)/tests setup conversion discards real cause; repair when tranche opens"
"perl-lsp-rs","src_cfg_test","crates\perl-lsp-rs\src\runtime\text_sync\tests.rs","1283","55","retain_cause","let url = url::Url::from_file_path(&path).map_err(|_| 'invalid file path')?;","repair_in_tests_tranche","setup-cause-currently-lost","no","T2","cfg(test)/tests setup conversion discards real cause; repair when tranche opens"
"perl-lsp-rs","src_cfg_test","crates\perl-lsp-rs\src\runtime\workspace.rs","3212","70","retain_cause","let normalized_uri = url::Url::from_file_path(&path).map_err(|_| 'invalid file path')?;","repair_in_tests_tranche","setup-cause-currently-lost","no","T2","cfg(test)/tests setup conversion discards real cause; repair when tranche opens"
"perl-lsp-rs","src_cfg_test","crates\perl-lsp-rs\src\runtime\workspace.rs","3313","63","retain_cause","let uri = url::Url::from_file_path(&path).map_err(|_| 'invalid file path')?;","repair_in_tests_tranche","setup-cause-currently-lost","no","T2","cfg(test)/tests setup conversion discards real cause; repair when tranche opens"
"perl-lsp-rs","src_cfg_test","crates\perl-lsp-rs\src\runtime\workspace.rs","3433","66","retain_cause","url::Url::from_directory_path(&removed_root).map_err(|_| 'invalid removed root')?;","repair_in_tests_tranche","setup-cause-currently-lost","no","T2","cfg(test)/tests setup conversion discards real cause; repair when tranche opens"
"perl-lsp-rs","src_cfg_test","crates\perl-lsp-rs\src\runtime\workspace.rs","3435","63","retain_cause","url::Url::from_directory_path(&kept_root).map_err(|_| 'invalid kept root')?;","repair_in_tests_tranche","setup-cause-currently-lost","no","T2","cfg(test)/tests setup conversion discards real cause; repair when tranche opens"
"perl-lsp-rs","src_cfg_test","crates\perl-lsp-rs\src\runtime\workspace.rs","3437","22","retain_cause",".map_err(|_| 'invalid removed path')?","repair_in_tests_tranche","setup-cause-currently-lost","no","T2","cfg(test)/tests setup conversion discards real cause; repair when tranche opens"
"perl-lsp-rs","src_cfg_test","crates\perl-lsp-rs\src\runtime\workspace.rs","3440","58","classification_only","url::Url::from_file_path(&kept_path).map_err(|_| 'invalid kept path')?.to_string();","exact_exception","poison-class-only","no","T2","lock-poison class in test context"
"perl-lsp-rs","src_cfg_test","crates\perl-lsp-rs\src\runtime\workspace.rs","3540","22","retain_cause",".map_err(|_| 'invalid workspace folder path')?","repair_in_tests_tranche","setup-cause-currently-lost","no","T2","cfg(test)/tests setup conversion discards real cause; repair when tranche opens"
"perl-lsp-rs","src_cfg_test","crates\perl-lsp-rs\src\runtime\workspace.rs","3588","22","retain_cause",".map_err(|_| 'invalid workspace folder path')?","repair_in_tests_tranche","setup-cause-currently-lost","no","T2","cfg(test)/tests setup conversion discards real cause; repair when tranche opens"
"perl-lsp-rs","src_cfg_test","crates\perl-lsp-rs\src\runtime\workspace.rs","3682","22","retain_cause",".map_err(|_| 'invalid old workspace folder path')?","repair_in_tests_tranche","setup-cause-currently-lost","no","T2","cfg(test)/tests setup conversion discards real cause; repair when tranche opens"
"perl-lsp-rs","src_cfg_test","crates\perl-lsp-rs\src\runtime\workspace.rs","3685","22","retain_cause",".map_err(|_| 'invalid new workspace folder path')?","repair_in_tests_tranche","setup-cause-currently-lost","no","T2","cfg(test)/tests setup conversion discards real cause; repair when tranche opens"
"perl-lsp-rs","src_cfg_test","crates\perl-lsp-rs\src\runtime\workspace.rs","3782","22","retain_cause",".map_err(|_| 'invalid active document path')?","repair_in_tests_tranche","setup-cause-currently-lost","no","T2","cfg(test)/tests setup conversion discards real cause; repair when tranche opens"
"perl-lsp-rs","src_cfg_test","crates\perl-lsp-rs\src\runtime\workspace.rs","3785","22","retain_cause",".map_err(|_| 'invalid dependency path')?","repair_in_tests_tranche","setup-cause-currently-lost","no","T2","cfg(test)/tests setup conversion discards real cause; repair when tranche opens"
"perl-lsp-rs","src_cfg_test","crates\perl-lsp-rs\src\runtime\workspace.rs","3788","22","retain_cause",".map_err(|_| 'invalid replacement path')?","repair_in_tests_tranche","setup-cause-currently-lost","no","T2","cfg(test)/tests setup conversion discards real cause; repair when tranche opens"
"perl-lsp-rs","src_cfg_test","crates\perl-lsp-rs\src\runtime\workspace.rs","3794","22","retain_cause",".map_err(|_| 'invalid workspace folder path')?","repair_in_tests_tranche","setup-cause-currently-lost","no","T2","cfg(test)/tests setup conversion discards real cause; repair when tranche opens"
"perl-lsp-rs","src_cfg_test","crates\perl-lsp-rs\src\runtime\workspace.rs","3905","22","retain_cause",".map_err(|_| 'invalid active document path')?","repair_in_tests_tranche","setup-cause-currently-lost","no","T2","cfg(test)/tests setup conversion discards real cause; repair when tranche opens"
"perl-lsp-rs","src_cfg_test","crates\perl-lsp-rs\src\runtime\workspace.rs","3908","22","retain_cause",".map_err(|_| 'invalid dependency path')?","repair_in_tests_tranche","setup-cause-currently-lost","no","T2","cfg(test)/tests setup conversion discards real cause; repair when tranche opens"
"perl-lsp-rs","src_cfg_test","crates\perl-lsp-rs\src\runtime\workspace.rs","3914","22","retain_cause",".map_err(|_| 'invalid workspace folder path')?","repair_in_tests_tranche","setup-cause-currently-lost","no","T2","cfg(test)/tests setup conversion discards real cause; repair when tranche opens"
"perl-lsp-rs","src_cfg_test","crates\perl-lsp-rs\src\runtime\workspace.rs","4078","60","retain_cause","url::Url::from_directory_path(&folder).map_err(|_| 'invalid folder path')?.to_string();","repair_in_tests_tranche","setup-cause-currently-lost","no","T2","cfg(test)/tests setup conversion discards real cause; repair when tranche opens"
"perl-lsp-rs","src_cfg_test","crates\perl-lsp-rs\src\runtime\workspace\configuration_response.rs","239","22","retain_cause",".map_err(|_| 'failed to create folder URI')?","repair_in_tests_tranche","setup-cause-currently-lost","no","T2","cfg(test)/tests setup conversion discards real cause; repair when tranche opens"
"perl-lsp-rs","src_cfg_test","crates\perl-lsp-rs\src\state\document.rs","1402","53","classification_only","results.push(must(handle.join().map_err(|_| 'reader thread panicked')));","exact_exception","fact-of-panic-only","internal-thread","T2","thread-join class in test context"
"perl-lsp-rs","integration_test","crates\perl-lsp-rs\tests\cancellation_atomic_operations_hardening.rs","264","35","classification_only","handle.join().map_err(|_| 'Thread should complete without panic')?;","exact_exception","fact-of-panic-only","internal-thread","T2","thread-join class in test context"
"perl-lsp-rs","integration_test","crates\perl-lsp-rs\tests\cancellation_atomic_operations_hardening.rs","488","35","classification_only","handle.join().map_err(|_| 'Concurrent operation should not panic')?;","exact_exception","fact-of-panic-only","internal-thread","T2","thread-join class in test context"
"perl-lsp-rs","integration_test","crates\perl-lsp-rs\tests\cancellation_atomic_operations_hardening.rs","763","35","classification_only","handle.join().map_err(|_| 'Metrics thread should not panic')?;","exact_exception","fact-of-panic-only","internal-thread","T2","thread-join class in test context"
"perl-lsp-rs","integration_test","crates\perl-lsp-rs\tests\cancellation_atomic_operations_hardening.rs","955","35","classification_only","handle.join().map_err(|_| 'Global registry thread should not panic')?;","exact_exception","fact-of-panic-only","internal-thread","T2","thread-join class in test context"
"perl-lsp-rs","integration_test","crates\perl-lsp-rs\tests\critical_fixes_tests.rs","20","18","retain_cause",".map_err(|_| format!('Failed to create URL from {}', path.display()))?;","repair_in_tests_tranche","setup-cause-currently-lost","no","T2","cfg(test)/tests setup conversion discards real cause; repair when tranche opens"
"perl-lsp-rs","integration_test","crates\perl-lsp-rs\tests\critical_fixes_tests.rs","36","18","retain_cause",".map_err(|_| format!('Failed to create URL from {}', path.display()))?","repair_in_tests_tranche","setup-cause-currently-lost","no","T2","cfg(test)/tests setup conversion discards real cause; repair when tranche opens"
"perl-lsp-rs","integration_test","crates\perl-lsp-rs\tests\critical_fixes_tests.rs","174","18","retain_cause",".map_err(|_| format!('Failed to create URL from {}', absolute_path.display()))?","repair_in_tests_tranche","setup-cause-currently-lost","no","T2","cfg(test)/tests setup conversion discards real cause; repair when tranche opens"
"perl-lsp-rs","integration_test","crates\perl-lsp-rs\tests\critical_fixes_tests.rs","178","18","retain_cause",".map_err(|_| format!('Failed to create URL from {}', file_scheme_path.display()))?","repair_in_tests_tranche","setup-cause-currently-lost","no","T2","cfg(test)/tests setup conversion discards real cause; repair when tranche opens"
"perl-lsp-rs","integration_test","crates\perl-lsp-rs\tests\critical_fixes_tests.rs","197","26","retain_cause",".map_err(|_| format!('Failed to create URL from file path: {}', input_uri))?","repair_in_tests_tranche","setup-cause-currently-lost","no","T2","cfg(test)/tests setup conversion discards real cause; repair when tranche opens"
"perl-lsp-rs","integration_test","crates\perl-lsp-rs\tests\execute_command_mutation_hardening_public_api_tests.rs","70","18","retain_cause",".map_err(|_| format!('Failed to create file URI for {}', path.display()))?","repair_in_tests_tranche","setup-cause-currently-lost","no","T2","cfg(test)/tests setup conversion discards real cause; repair when tranche opens"
"perl-lsp-rs","integration_test","crates\perl-lsp-rs\tests\lsp_behavioral_tests.rs","23","18","retain_cause",".map_err(|_| format!('file path to URI failed: {}', path.display()))?","repair_in_tests_tranche","setup-cause-currently-lost","no","T2","cfg(test)/tests setup conversion discards real cause; repair when tranche opens"
"perl-lsp-rs","integration_test","crates\perl-lsp-rs\tests\lsp_concurrency.rs","54","53","classification_only","let (version, text) = handle.join().map_err(|_| 'Thread join failed')?;","exact_exception","fact-of-panic-only","internal-thread","T2","thread-join class in test context"
"perl-lsp-rs","integration_test","crates\perl-lsp-rs\tests\lsp_execute_command_tests.rs","1271","18","retain_cause",".map_err(|_| 'failed to convert script path to file URI')?","repair_in_tests_tranche","setup-cause-currently-lost","no","T2","cfg(test)/tests setup conversion discards real cause; repair when tranche opens"
"perl-lsp-rs","integration_test","crates\perl-lsp-rs\tests\lsp_filesystem_failures.rs","20","42","retain_cause","Ok(Url::from_file_path(path).map_err(|_| 'Failed to convert file path to URI')?.to_string(","repair_in_tests_tranche","setup-cause-currently-lost","no","T2","cfg(test)/tests setup conversion discards real cause; repair when tranche opens"
"perl-lsp-rs","integration_test","crates\perl-lsp-rs\tests\lsp_golden_tests.rs","21","18","retain_cause",".map_err(|_| format!('file path to URI failed: {}', path.display()))?","repair_in_tests_tranche","setup-cause-currently-lost","no","T2","cfg(test)/tests setup conversion discards real cause; repair when tranche opens"
"perl-lsp-rs","integration_test","crates\perl-lsp-rs\tests\pull_diagnostics_tests.rs","117","18","retain_cause",".map_err(|_| 'failed to build Makefile.PL test URI')?","repair_in_tests_tranche","setup-cause-currently-lost","no","T2","cfg(test)/tests setup conversion discards real cause; repair when tranche opens"
"perl-lsp-rs","integration_test","crates\perl-lsp-rs\tests\pull_diagnostics_tests.rs","430","18","retain_cause",".map_err(|_| 'failed to create script URI for @INC test')?","repair_in_tests_tranche","setup-cause-currently-lost","no","T2","cfg(test)/tests setup conversion discards real cause; repair when tranche opens"
"perl-lsp-rs","integration_test","crates\perl-lsp-rs\tests\pull_diagnostics_tests.rs","466","18","retain_cause",".map_err(|_| 'failed to create script URI for incomplete-pragma @INC test')?","repair_in_tests_tranche","setup-cause-currently-lost","no","T2","cfg(test)/tests setup conversion discards real cause; repair when tranche opens"
"perl-lsp-rs","integration_test","crates\perl-lsp-rs\tests\semantic_hover.rs","487","55","retain_cause","url::Url::from_file_path(&script).map_err(|_| 'invalid script file path')?;","repair_in_tests_tranche","setup-cause-currently-lost","no","T2","cfg(test)/tests setup conversion discards real cause; repair when tranche opens"
"perl-lsp-rs","integration_test","crates\perl-lsp-rs\tests\semantic_integration.rs","230","54","retain_cause","let uri = Url::from_file_path(&path).map_err(|_| 'failed to build file URI')?.to_string();","repair_in_tests_tranche","setup-cause-currently-lost","no","T2","cfg(test)/tests setup conversion discards real cause; repair when tranche opens"
"perl-lsp-rs","integration_test","crates\perl-lsp-rs\tests\semantic_integration.rs","270","54","retain_cause","let uri = Url::from_file_path(&path).map_err(|_| 'failed to build file URI')?.to_string();","repair_in_tests_tranche","setup-cause-currently-lost","no","T2","cfg(test)/tests setup conversion discards real cause; repair when tranche opens"
"perl-lsp-rs","integration_test","crates\perl-lsp-rs\tests\support\test_workspace.rs","25","22","retain_cause",".map_err(|_| 'Failed to create file URL')?","repair_in_tests_tranche","setup-cause-currently-lost","no","T2","cfg(test)/tests setup conversion discards real cause; repair when tranche opens"
"perl-module","src_cfg_test","crates\perl-module\src\resolution\uri.rs","601","22","retain_cause",".map_err(|_| 'failed to create workspace URI')?","repair_in_tests_tranche","setup-cause-currently-lost","no","T2","cfg(test)/tests setup conversion discards real cause; repair when tranche opens"
"perl-module","src_cfg_test","crates\perl-module\src\resolution\uri.rs","663","26","retain_cause",".map_err(|_| 'failed to create first workspace URI')?","repair_in_tests_tranche","setup-cause-currently-lost","no","T2","cfg(test)/tests setup conversion discards real cause; repair when tranche opens"
"perl-module","src_cfg_test","crates\perl-module\src\resolution\uri.rs","666","26","retain_cause",".map_err(|_| 'failed to create second workspace URI')?","repair_in_tests_tranche","setup-cause-currently-lost","no","T2","cfg(test)/tests setup conversion discards real cause; repair when tranche opens"
"perl-module","integration_test","crates\perl-module\tests\module_resolution_candidate_api.rs","11","18","retain_cause",".map_err(|_| 'failed to create workspace URI'.into())","repair_in_tests_tranche","setup-cause-currently-lost","no","T2","cfg(test)/tests setup conversion discards real cause; repair when tranche opens"
"perl-module","integration_test","crates\perl-module\tests\module_resolution_candidate_api.rs","17","18","retain_cause",".map_err(|_| 'failed to create file URI'.into())","repair_in_tests_tranche","setup-cause-currently-lost","no","T2","cfg(test)/tests setup conversion discards real cause; repair when tranche opens"
"perl-module","integration_test","crates\perl-module\tests\module_resolution_candidate_api.rs","88","18","retain_cause",".map_err(|_| 'failed to set localhost file URI host')?;","repair_in_tests_tranche","setup-cause-currently-lost","no","T2","cfg(test)/tests setup conversion discards real cause; repair when tranche opens"
"perl-module","integration_test","crates\perl-module\tests\module_resolution_uri_bdd.rs","11","18","retain_cause",".map_err(|_| 'failed to create file URI'.into())","repair_in_tests_tranche","setup-cause-currently-lost","no","T2","cfg(test)/tests setup conversion discards real cause; repair when tranche opens"
"perl-module","integration_test","crates\perl-module\tests\module_resolution_uri_bdd.rs","17","18","retain_cause",".map_err(|_| 'failed to create directory URI'.into())","repair_in_tests_tranche","setup-cause-currently-lost","no","T2","cfg(test)/tests setup conversion discards real cause; repair when tranche opens"
"perl-parser-core","integration_test","crates\perl-parser-core\tests\fix_synchronize_orphan_closer_loop.rs","23","18","retain_cause",".map_err(|_| format!('Parser timed out (infinite loop) on: {source}').into())","repair_in_tests_tranche","setup-cause-currently-lost","no","T2","cfg(test)/tests setup conversion discards real cause; repair when tranche opens"
"perl-parser-core","integration_test","crates\perl-parser-core\tests\fix_synchronize_orphan_closer_loop.rs","80","18","retain_cause",".map_err(|_| format!('Parser timed out on: {source}'))?;","repair_in_tests_tranche","setup-cause-currently-lost","no","T2","cfg(test)/tests setup conversion discards real cause; repair when tranche opens"
"perl-parser-core","integration_test","crates\perl-parser-core\tests\fix_synchronize_orphan_closer_loop.rs","116","57","retain_cause","rx.recv_timeout(Duration::from_secs(5)).map_err(|_| 'Parser timed out on valid code')?;","repair_in_tests_tranche","setup-cause-currently-lost","no","T2","cfg(test)/tests setup conversion discards real cause; repair when tranche opens"
"perl-parser-core","integration_test","crates\perl-parser-core\tests\fix_synchronize_orphan_closer_loop.rs","142","57","retain_cause","rx.recv_timeout(Duration::from_secs(5)).map_err(|_| 'Parser timed out on valid code')?;","repair_in_tests_tranche","setup-cause-currently-lost","no","T2","cfg(test)/tests setup conversion discards real cause; repair when tranche opens"
"perl-parser-core","integration_test","crates\perl-parser-core\tests\fix_synchronize_orphan_closer_loop.rs","171","57","retain_cause","rx.recv_timeout(Duration::from_secs(5)).map_err(|_| 'Parser timed out on recovery test')?;","repair_in_tests_tranche","setup-cause-currently-lost","no","T2","cfg(test)/tests setup conversion discards real cause; repair when tranche opens"
"perl-parser-core","integration_test","crates\perl-parser-core\tests\hir_control_flow_tests.rs","268","22","retain_cause",".map_err(|_| format!('expected modifier shell for {source:?}'))?;","repair_in_tests_tranche","setup-cause-currently-lost","no","T2","cfg(test)/tests setup conversion discards real cause; repair when tranche opens"
"perl-parser","src_cfg_test","crates\perl-parser\src\incremental\lex.rs","575","22","retain_cause",".map_err(|_| anyhow::anyhow!('persisted origin checkpoint must restore'))?;","repair_in_tests_tranche","setup-cause-currently-lost","no","T2","cfg(test)/tests setup conversion discards real cause; repair when tranche opens"
"perl-parser","integration_test","crates\perl-parser\tests\fuzz_documentation_infrastructure_pr159.rs","131","34","retain_cause",".map_err(|_| std::io::Error::other('AST validation failed'))?;","repair_in_tests_tranche","setup-cause-currently-lost","no","T2","cfg(test)/tests setup conversion discards real cause; repair when tranche opens"
"perl-parser","integration_test","crates\perl-parser\tests\lsp_cancellation_mutation_hardening.rs","188","35","classification_only","handle.join().map_err(|_| 'Thread should complete successfully')?;","exact_exception","fact-of-panic-only","internal-thread","T2","thread-join class in test context"
"perl-parser","integration_test","crates\perl-parser\tests\lsp_cancellation_mutation_hardening.rs","285","53","classification_only","let result = indexing_handle.join().map_err(|_| 'Indexing thread should complete')?;","exact_exception","fact-of-panic-only","internal-thread","T2","thread-join class in test context"
"perl-parser","integration_test","crates\perl-parser\tests\lsp_cancellation_mutation_hardening.rs","356","48","classification_only","let result = handle.join().map_err(|_| 'Thread should complete')?;","exact_exception","fact-of-panic-only","internal-thread","T2","thread-join class in test context"
"perl-parser","integration_test","crates\perl-parser\tests\lsp_cancellation_mutation_hardening.rs","429","54","classification_only","let result = operation_handle.join().map_err(|_| 'Operation should complete')?;","exact_exception","fact-of-panic-only","internal-thread","T2","thread-join class in test context"
"perl-parser","integration_test","crates\perl-parser\tests\lsp_cancellation_mutation_hardening.rs","538","35","classification_only","handle.join().map_err(|_| 'Contention thread should complete')?;","exact_exception","fact-of-panic-only","internal-thread","T2","thread-join class in test context"
"perl-parser","integration_test","crates\perl-parser\tests\lsp_cancellation_mutation_hardening.rs","721","54","classification_only","let result = operation_handle.join().map_err(|_| 'Operation should complete')?;","exact_exception","fact-of-panic-only","internal-thread","T2","thread-join class in test context"
"perl-parser","integration_test","crates\perl-parser\tests\lsp_cancellation_mutation_hardening.rs","731","57","classification_only","state.requests_processed.lock().map_err(|_| 'Failed to acquire lock')?;","exact_exception","poison-class-only","no","T2","lock-poison class in test context"
"perl-subprocess-runtime","integration_test","crates\perl-subprocess-runtime\tests\extended_unit_tests.rs","301","26","classification_only","h.join().map_err(|_| 'thread panicked')?;","exact_exception","fact-of-panic-only","internal-thread","T2","thread-join class in test context"
"perl-subprocess-runtime","integration_test","crates\perl-subprocess-runtime\tests\extended_unit_tests.rs","324","26","classification_only","h.join().map_err(|_| 'thread panicked')?;","exact_exception","fact-of-panic-only","internal-thread","T2","thread-join class in test context"
"perl-subprocess-runtime","integration_test","crates\perl-subprocess-runtime\tests\extended_unit_tests.rs","351","33","classification_only","clear_thread.join().map_err(|_| 'thread panicked')?;","exact_exception","fact-of-panic-only","internal-thread","T2","thread-join class in test context"
"perl-workspace","src_cfg_test","crates\perl-workspace\src\workspace\workspace_index.rs","9193","22","classification_only",".map_err(|_| 'generation N+1 thread panicked')?","exact_exception","fact-of-panic-only","internal-thread","T2","thread-join class in test context"
"perl-workspace","src_cfg_test","crates\perl-workspace\src\workspace\workspace_index.rs","9197","22","classification_only",".map_err(|_| 'generation N thread panicked')?","exact_exception","fact-of-panic-only","internal-thread","T2","thread-join class in test context"
"perl-workspace","src_cfg_test","crates\perl-workspace\src\workspace\workspace_index.rs","9336","26","classification_only",".map_err(|_| 'generation N+1 thread panicked')?","exact_exception","fact-of-panic-only","internal-thread","T2","thread-join class in test context"
"perl-workspace","src_cfg_test","crates\perl-workspace\src\workspace\workspace_index.rs","9340","26","classification_only",".map_err(|_| 'generation N thread panicked')?","exact_exception","fact-of-panic-only","internal-thread","T2","thread-join class in test context"
"perl-workspace","src_cfg_test","crates\perl-workspace\src\workspace\workspace_index.rs","9578","45","classification_only","parse_handle.join().map_err(|_| 'generation 5 parse thread panicked')?;","exact_exception","fact-of-panic-only","internal-thread","T2","thread-join class in test context"
"perl-workspace","src_cfg_test","crates\perl-workspace\src\workspace\workspace_index.rs","9843","26","classification_only",".map_err(|_| 'generation 5 parse thread panicked')?","exact_exception","fact-of-panic-only","internal-thread","T2","thread-join class in test context"
"perl-workspace","integration_test","crates\perl-workspace\tests\comprehensive_unit_tests.rs","950","26","classification_only","h.join().map_err(|_| 'thread panicked')?;","exact_exception","fact-of-panic-only","internal-thread","T2","thread-join class in test context"
"perl-workspace","integration_test","crates\perl-workspace\tests\comprehensive_unit_tests.rs","1911","26","classification_only","h.join().map_err(|_| 'thread panicked')?;","exact_exception","fact-of-panic-only","internal-thread","T2","thread-join class in test context"
"perl-workspace","integration_test","crates\perl-workspace\tests\workspace_folder_integration.rs","14","49","retain_cause","Url::from_file_path(&workspace).map_err(|_| 'failed to encode workspace path')?.to_string(","repair_in_tests_tranche","setup-cause-currently-lost","no","T2","cfg(test)/tests setup conversion discards real cause; repair when tranche opens"
"perl-workspace","integration_test","crates\perl-workspace\tests\workspace_folder_integration.rs","28","49","retain_cause","Url::from_file_path(&workspace).map_err(|_| 'failed to encode workspace path')?.to_string(","repair_in_tests_tranche","setup-cause-currently-lost","no","T2","cfg(test)/tests setup conversion discards real cause; repair when tranche opens"
"tree-sitter-perl-rs","integration_test","crates\tree-sitter-perl-rs\tests\incremental_equivalence_tests.rs","54","44","retain_cause","let line = u32::try_from(line).map_err(|_| 'line number exceeds u32'.to_owned())?;","repair_in_tests_tranche","setup-cause-currently-lost","no","T2","cfg(test)/tests setup conversion discards real cause; repair when tranche opens"
"tree-sitter-perl-rs","integration_test","crates\tree-sitter-perl-rs\tests\incremental_equivalence_tests.rs","55","48","retain_cause","let column = u32::try_from(column).map_err(|_| 'column exceeds u32'.to_owned())?;","repair_in_tests_tranche","setup-cause-currently-lost","no","T2","cfg(test)/tests setup conversion discards real cause; repair when tranche opens"
"xtask","src_cfg_test","xtask\src\tasks\ci_doctor.rs","434","22","retain_cause",".map_err(|_| color_eyre::eyre::eyre!('current-dir test lock poisoned'))?;","repair_in_tests_tranche","setup-cause-currently-lost","no","T2","cfg(test)/tests setup conversion discards real cause; repair when tranche opens"
"xtask","src_cfg_test","xtask\src\tasks\ci_doctor.rs","460","22","retain_cause",".map_err(|_| color_eyre::eyre::eyre!('current-dir test lock poisoned'))?;","repair_in_tests_tranche","setup-cause-currently-lost","no","T2","cfg(test)/tests setup conversion discards real cause; repair when tranche opens"
"xtask","src_cfg_test","xtask\src\tasks\ci_doctor.rs","479","22","retain_cause",".map_err(|_| color_eyre::eyre::eyre!('current-dir test lock poisoned'))?;","repair_in_tests_tranche","setup-cause-currently-lost","no","T2","cfg(test)/tests setup conversion discards real cause; repair when tranche opens"
"xtask","src_cfg_test","xtask\src\tasks\ripr_evidence.rs","3359","46","classification_only","RIPR_BIN_OVERRIDE.lock().map_err(|_| eyre!('RIPR_BIN test override lock poisoned'))?;","exact_exception","poison-class-only","no","T2","lock-poison class in test context"
"xtask","src_cfg_test","xtask\src\tasks\ripr_evidence.rs","6823","46","classification_only","RIPR_BIN_OVERRIDE.lock().map_err(|_| eyre!('RIPR_BIN test override lock poisoned'))?;","exact_exception","poison-class-only","no","T2","lock-poison class in test context"
"xtask","integration_test","xtask\tests\file_policy.rs","26","42","classification_only","INVENTORY_OUTPUT_LOCK.lock().map_err(|_| eyre!('inventory output lock poisoned'))","exact_exception","poison-class-only","no","T2","lock-poison class in test context"
"xtask","integration_test","xtask\tests\worktree_cleanup_cli.rs","695","38","classification_only","stderr_handle.join().map_err(|_| anyhow::anyhow!('stderr-draining thread panicked'))??;","exact_exception","fact-of-panic-only","internal-thread","T2","thread-join class in test context"
"perl-lsp-rs-core","integration_test","crates\perl-lsp-rs-core\tests\map_err_boundary_contract.rs","94","47","retain_cause","let lossy: String = must_err(source.map_err(|_| """"conversion failed"""".to_string()));","exact_exception","deliberate-lossy-specimen","no","CTRL","intentional dishonest-shape contrast fixture (#11246 control); needs exact reasoned expect when its crate activates"
